-- migrate:up
INSERT INTO users (id, tenant_id, name, created_at, updated_at)
VALUES ('01F8MECHZX3TBDSZ7XY8E9ZHDH',"00000000-0000-0000-0000-000000000000", '佐藤一郎', CURRENT_TIMESTAMP, CURRENT_TIMESTAMP),
       ('01F8MECHZX3TBDSZ7XY8E9ZHDR',"00000000-0000-0000-0000-000000000000", '鈴木二郎', CURRENT_TIMESTAMP, CURRENT_TIMESTAMP),
       ('01F8MECHZX3TBDSZ7XY8E9ZHDK',"00000000-0000-0000-0000-000000000000", '高橋花子', CURRENT_TIMESTAMP, CURRENT_TIMESTAMP),
       ('01F8MECHZX3TBDSZ7XY8E9ZHDP',"00000000-0000-0000-0000-000000000000", '田中太郎', CURRENT_TIMESTAMP, CURRENT_TIMESTAMP),
       ('01F8MECHZX3TBDSZ7XY8E9ZHDS',"00000000-0000-0000-0000-000000000000", '伊藤三郎', CURRENT_TIMESTAMP, CURRENT_TIMESTAMP),
       ('01F8MECHZX3TBDSZ7XY8E9ZHDX',"00000000-0000-0000-0000-000000000000", '渡辺四郎', CURRENT_TIMESTAMP, CURRENT_TIMESTAMP),
       ('01F8MECHZX3TBDSZ7XY8E9ZHDV',"00000000-0000-0000-0000-000000000000", '山本五郎', CURRENT_TIMESTAMP, CURRENT_TIMESTAMP),
       ('01F8MECHZX3TBDSZ7XY8E9ZHDF',"00000000-0000-0000-0000-000000000000", '中村六郎', CURRENT_TIMESTAMP, CURRENT_TIMESTAMP),
       ('01F8MECHZX3TBDSZ7XY8E9ZHDC',"00000000-0000-0000-0000-000000000000", '小林七子', CURRENT_TIMESTAMP, CURRENT_TIMESTAMP),
       ('01F8MECHZX3TBDSZ7XY8E9ZHDD',"00000000-0000-0000-0000-000000000000", '加藤八郎', CURRENT_TIMESTAMP, CURRENT_TIMESTAMP);

INSERT INTO cards (id, tenant_id, name, owner_id, state, last_four, expiration_month, expiration_year, description, once_max_amount, monthly_max_amount, total_max_amount, start_date, end_date, modified_at, created_at, updated_at) VALUES
       ('01F8MECHZX3TBDSZ7XY8E9ZHD1',"00000000-0000-0000-0000-000000000000", '佐藤一郎の出張カード', '01F8MECHZX3TBDSZ7XY8E9ZHDH', 'active', '1234', 12, 24, '佐藤一郎の出張用カード', 150000, 600000, 6000000, '2023-01-01', '2025-12-31', CURRENT_TIMESTAMP, CURRENT_TIMESTAMP, CURRENT_TIMESTAMP),
       ('01F8MECHZX3TBDSZ7XY8E9ZHD2',"00000000-0000-0000-0000-000000000000", '鈴木二郎の経費精算カード', '01F8MECHZX3TBDSZ7XY8E9ZHDR', 'active', '5678', 11, 23, '鈴木二郎の経費精算用カード', 100000, 500000, 5000000, '2022-05-01', '2024-11-30', CURRENT_TIMESTAMP, CURRENT_TIMESTAMP, CURRENT_TIMESTAMP),
       ('01F8MECHZX3TBDSZ7XY8E9ZHD3',"00000000-0000-0000-0000-000000000000", '高橋花子の個人経費カード', '01F8MECHZX3TBDSZ7XY8E9ZHDK', 'locked', '9876', 10, 22, '高橋花子の個人経費用カード', 90000, 450000, 4500000, '2021-06-01', '2023-10-31', CURRENT_TIMESTAMP, CURRENT_TIMESTAMP, CURRENT_TIMESTAMP),
       ('01F8MECHZX3TBDSZ7XY8E9ZHD4',"00000000-0000-0000-0000-000000000000", '田中太郎のプロジェクトカード', '01F8MECHZX3TBDSZ7XY8E9ZHDP', 'active', '4321', 9, 25, '田中太郎のプロジェクト用カード', 200000, 800000, 8000000, '2023-02-01', '2025-11-30', CURRENT_TIMESTAMP, CURRENT_TIMESTAMP, CURRENT_TIMESTAMP),
       ('01F8MECHZX3TBDSZ7XY8E9ZHD5',"00000000-0000-0000-0000-000000000000", '伊藤三郎の販促活動カード', '01F8MECHZX3TBDSZ7XY8E9ZHDS', 'locked', '8765', 8, 24, '伊藤三郎の販促活動用カード', 120000, 600000, 6000000, '2022-07-01', '2024-08-31', CURRENT_TIMESTAMP, CURRENT_TIMESTAMP, CURRENT_TIMESTAMP),
       ('01F8MECHZX3TBDSZ7XY8E9ZHD6',"00000000-0000-0000-0000-000000000000", '渡辺四郎のイベントカード', '01F8MECHZX3TBDSZ7XY8E9ZHDX', 'active', '4321', 7, 25, '渡辺四郎のイベント用カード', 100000, 500000, 5000000, '2023-03-01', '2026-02-28', CURRENT_TIMESTAMP, CURRENT_TIMESTAMP, CURRENT_TIMESTAMP),
       ('01F8MECHZX3TBDSZ7XY8E9ZHD7',"00000000-0000-0000-0000-000000000000", '山本五郎の備品購入カード', '01F8MECHZX3TBDSZ7XY8E9ZHDV', 'active', '9876', 6, 24, '山本五郎の備品購入用カード', 130000, 650000, 6500000, '2023-04-01', '2025-12-31', CURRENT_TIMESTAMP, CURRENT_TIMESTAMP, CURRENT_TIMESTAMP),
       ('01F8MECHZX3TBDSZ7XY8E9ZHD8',"00000000-0000-0000-0000-000000000000", '中村六郎の研修費用カード', '01F8MECHZX3TBDSZ7XY8E9ZHDF', 'locked', '1234', 5, 23, '中村六郎の研修費用用カード', 110000, 550000, 5500000, '2022-09-01', '2024-07-31', CURRENT_TIMESTAMP, CURRENT_TIMESTAMP, CURRENT_TIMESTAMP),
       ('01F8MECHZX3TBDSZ7XY8E9ZHD9',"00000000-0000-0000-0000-000000000000", '小林七子の接待交際費カード', '01F8MECHZX3TBDSZ7XY8E9ZHDC', 'active', '5678', 4, 25, '小林七子の接待交際費用カード', 150000, 700000, 7000000, '2023-05-01', '2025-10-31', CURRENT_TIMESTAMP, CURRENT_TIMESTAMP, CURRENT_TIMESTAMP),
       ('01F8MECHZX3TBDSZ7XY8E9ZHD0',"00000000-0000-0000-0000-000000000000", '加藤八郎の研究開発カード', '01F8MECHZX3TBDSZ7XY8E9ZHDD', 'active', '8765', 3, 24, '加藤八郎の研究開発用カード', 140000, 600000, 6000000, '2022-10-01', '2025-09-30', CURRENT_TIMESTAMP, CURRENT_TIMESTAMP, CURRENT_TIMESTAMP);

INSERT INTO card_viewers (id, tenant_id, card_id, user_id, created_at, updated_at)
VALUES ('01F8MECHZX3TBDSZ7XY8E9ZHE1',"00000000-0000-0000-0000-000000000000", '01F8MECHZX3TBDSZ7XY8E9ZHD1', '01F8MECHZX3TBDSZ7XY8E9ZHDR', CURRENT_TIMESTAMP, CURRENT_TIMESTAMP),
       ('01F8MECHZX3TBDSZ7XY8E9ZHE2',"00000000-0000-0000-0000-000000000000", '01F8MECHZX3TBDSZ7XY8E9ZHD1', '01F8MECHZX3TBDSZ7XY8E9ZHDK', CURRENT_TIMESTAMP, CURRENT_TIMESTAMP),
       ('01F8MECHZX3TBDSZ7XY8E9ZHE3',"00000000-0000-0000-0000-000000000000", '01F8MECHZX3TBDSZ7XY8E9ZHD2', '01F8MECHZX3TBDSZ7XY8E9ZHDH', CURRENT_TIMESTAMP, CURRENT_TIMESTAMP),
       ('01F8MECHZX3TBDSZ7XY8E9ZHE4',"00000000-0000-0000-0000-000000000000", '01F8MECHZX3TBDSZ7XY8E9ZHD2', '01F8MECHZX3TBDSZ7XY8E9ZHDP', CURRENT_TIMESTAMP, CURRENT_TIMESTAMP),
       ('01F8MECHZX3TBDSZ7XY8E9ZHE5',"00000000-0000-0000-0000-000000000000", '01F8MECHZX3TBDSZ7XY8E9ZHD3', '01F8MECHZX3TBDSZ7XY8E9ZHDS', CURRENT_TIMESTAMP, CURRENT_TIMESTAMP),
       ('01F8MECHZX3TBDSZ7XY8E9ZHE6',"00000000-0000-0000-0000-000000000000", '01F8MECHZX3TBDSZ7XY8E9ZHD3', '01F8MECHZX3TBDSZ7XY8E9ZHDX', CURRENT_TIMESTAMP, CURRENT_TIMESTAMP),
       ('01F8MECHZX3TBDSZ7XY8E9ZHE7',"00000000-0000-0000-0000-000000000000", '01F8MECHZX3TBDSZ7XY8E9ZHD4', '01F8MECHZX3TBDSZ7XY8E9ZHDV', CURRENT_TIMESTAMP, CURRENT_TIMESTAMP),
       ('01F8MECHZX3TBDSZ7XY8E9ZHE8',"00000000-0000-0000-0000-000000000000", '01F8MECHZX3TBDSZ7XY8E9ZHD4', '01F8MECHZX3TBDSZ7XY8E9ZHDF', CURRENT_TIMESTAMP, CURRENT_TIMESTAMP),
       ('01F8MECHZX3TBDSZ7XY8E9ZHE9',"00000000-0000-0000-0000-000000000000", '01F8MECHZX3TBDSZ7XY8E9ZHD5', '01F8MECHZX3TBDSZ7XY8E9ZHDC', CURRENT_TIMESTAMP, CURRENT_TIMESTAMP),
       ('01F8MECHZX3TBDSZ7XY8E9ZHE0',"00000000-0000-0000-0000-000000000000", '01F8MECHZX3TBDSZ7XY8E9ZHD5', '01F8MECHZX3TBDSZ7XY8E9ZHDD', CURRENT_TIMESTAMP, CURRENT_TIMESTAMP);

-- migrate:down
